anchor_legado_id,qv_id,data_entrada_qv360,link_attempt
2,6f40ed9c-d643-4d48-a318-efe099cfd3dd,2025-10-15T13:14:07.274+00:00,
3,929fbbba-b439-4f0b-9d13-0d759d1ae3bb,2025-10-17T20:53:12.097+00:00,
4,e539e8d6-794a-4b3e-9a3c-0e73e10fb8fc,2025-10-20T21:45:26.957+00:00,
6,98e4ef4f-bc70-4713-912e-625b1e140ea7,2025-10-21T15:51:06.491+00:00,
8,6c254a68-7c2b-4fa6-9318-0765316ca0b1,2025-10-28T17:38:38.24+00:00,
9,0951ad6c-2589-4e2e-9b77-0843ea421afb,2025-10-30T20:02:55.544+00:00,
10,6c90b201-76b2-4177-98c4-ee78f34cd0b5,2025-10-30T23:34:06.445+00:00,
11,44cdefb1-3fd9-46a0-b4b6-e449fceabcec,2025-11-04T15:12:40.903+00:00,
13,4a433f33-a646-43ce-a4ba-79ee0531317b,2025-11-04T22:39:56.397+00:00,
14,ff08d972-3a30-4097-ae12-79871a1421ce,2025-11-04T23:06:35.552+00:00,
15,1a94cd79-2414-451a-8bf7-9a5a167c7b75,2025-11-05T01:03:11.631+00:00,
17,8a0bedbf-c495-48ac-aa92-5c5c729933dd,2025-11-06T13:48:39.416+00:00,
18,229b0d02-2064-4a9f-b765-0dc2d0d2e389,2025-11-12T16:05:15.803+00:00,
20,46035941-24b5-4eb8-add0-883abe7e295e,2025-11-12T19:40:23.112+00:00,
21,f7b1c4b7-b62f-4b00-a556-67b6cded11a4,2025-11-14T17:48:57.078+00:00,
23,ea8816b2-3518-495a-bfb4-ca5a87042600,2025-11-24T12:46:18.472+00:00,
26,15d9f492-64d0-42e1-8c3a-7c6a8f1983a3,2025-11-28T19:45:56.501+00:00,
27,a5c04690-2379-4ff6-bb97-652098d0b927,2025-12-01T14:47:23.762+00:00,
28,99c64391-dbe9-464f-9e3c-d991e15f468f,2025-12-02T15:58:21.764+00:00,
31,88078ed1-edec-4c11-acf3-c11e6daa3619,2025-12-04T20:52:08.675+00:00,
32,0724f73e-ad1a-4a0e-bff5-a62de486f6bf,2025-12-08T19:18:35.411+00:00,
35,1d668cb1-930d-4899-b7e6-34dff62d0172,2025-12-10T22:41:20.278+00:00,
36,1bb434d9-68cc-4c3d-b6af-4672115f8d5a,2025-12-11T14:11:30.247+00:00,
39,764dff35-fa90-49bf-ab1f-b225e0deba21,2025-12-17T19:51:17.789+00:00,
40,52b1ec22-50cc-419a-a9a2-89e5f10d7b6d,2025-12-17T23:54:40.439+00:00,
41,b26f0718-8778-4dab-b9af-d442c93cb23b,2026-01-05T17:32:54.297+00:00,
42,8cf88d1a-95f1-4eb9-98ef-76352cd65aad,2026-01-06T19:01:35.835+00:00,
43,c7f8d6d1-8547-46b4-8916-ee2a7eb0a4fc,2026-01-07T19:19:40.039+00:00,
44,74aed251-6c9a-451a-97f4-5177c7172191,2026-01-09T13:29:52.51+00:00,
45,379d07f8-1976-4302-b9b1-40c070527aa6,2026-01-11T20:23:30.85+00:00,
47,b12ae6e2-6eb8-4417-aac8-11b4b0b54bd5,2026-01-14T13:13:25.322+00:00,
48,e3cd7d75-e3c6-4336-a699-f55c832dcb88,2026-01-14T14:44:24.364+00:00,
50,38c0afab-79d7-44b4-96bf-f121f14c3c76,2026-01-19T21:23:59.732+00:00,
51,c6800390-64af-4ffa-a123-1651601e672c,2026-01-21T17:16:38.566+00:00,
52,155f2545-184a-4e6d-8dcd-d666bb694769,2026-01-22T01:21:33.731+00:00,
53,391f1235-c8d1-46d0-be46-66b51e6530e2,2026-01-22T19:24:27.636+00:00,
54,35581944-6c8f-434a-aa68-a4503bbf5c44,2026-01-23T21:15:54.867+00:00,
55,612ac369-a8c7-4e64-9e2c-54efd4907dd5,2026-01-29T13:21:25.49+00:00,
56,b6e755ce-ca87-4d1d-8705-4f56dfe7b6b9,2026-01-29T20:05:25.993+00:00,
57,58f8528c-e355-4ae8-be3d-84f003297a07,2026-01-29T22:49:13.022+00:00,
58,8da32ece-e81f-47af-8280-a523d609b409,2026-01-30T15:05:27.467+00:00,
59,54ca4746-115f-46b4-9ca1-5fb44e8d7a08,2026-01-30T18:13:06.3+00:00,
61,d5b462fb-8bd4-4b4e-9c96-40604abf7c5c,2026-02-02T20:48:57.627+00:00,
63,832f4435-bf93-41ff-992e-e3f129255152,2026-02-13T14:00:22.497+00:00,
64,b67eb72b-741c-4518-877f-52124aef8ff5,2026-03-02T13:23:21.156+00:00,
65,d3802e3e-86cc-4971-83b6-2bf58ebd2869,2026-03-05T10:47:56.471+00:00,
66,dff59030-4a4d-4e01-b751-11c3160650c4,2026-03-06T18:59:46.41+00:00,
67,234a7e67-e764-4f21-b10e-8cb2dbe50a31,2026-03-09T17:21:34.269+00:00,
68,766fea33-ebe1-47a9-a3f3-eebef866d191,2026-03-13T00:01:17.527+00:00,
69,b7565302-ebf2-48a8-b2ac-63eca94bef83,2026-03-13T18:11:41.27+00:00,
70,17c3ae14-f83e-4803-8653-404548b06c47,2026-03-18T00:08:52.659+00:00,
71,76e17951-2f02-43ce-b3b9-76a1a238dde6,2026-03-18T20:28:10.808+00:00,
72,29dcf5ca-3550-4f3d-b77b-2d6f8f3003de,2026-03-20T15:26:07.563+00:00,
73,5c7929b6-736f-4261-8f6d-f2b57613bc30,2026-03-22T20:03:37.911+00:00,
74,a04b8de0-c07a-4289-8ddc-e3d183e5c590,2026-03-22T21:59:29.712+00:00,
75,43921997-f28c-4676-b9f7-a30e527c3d9a,2026-03-24T10:50:03.929+00:00,
76,e6a0e115-68ce-4ff5-80f7-a2d6dbf62d7c,2026-03-25T21:16:07.458+00:00,
77,8f866ed4-2f74-4535-8d7e-3bd1dbfe7635,2026-03-26T19:27:39.35+00:00,
78,7d5e5fe8-9c2b-411a-bca7-eb419f444028,2026-03-27T15:30:40.573+00:00,
79,f346dfd7-2151-4e44-aa46-9677d90600b0,2026-03-30T15:14:35.474+00:00,
81,9d70de06-6a5b-4ed7-8828-e5bc02b3d61d,2026-04-02T11:59:41.812+00:00,
82,18061c95-fee3-4bad-9504-b3caf5e1f19a,2026-04-02T17:17:53.213+00:00,
84,5ab38fd1-3ca1-4d09-980c-8e97f2232cf4,2026-04-06T12:49:07.178+00:00,
85,5c0def3f-855a-4f22-9551-762bc029a983,2026-04-07T02:15:01.621+00:00,
86,114e5fe3-5a2b-4d73-88fd-d366e10e619f,2026-04-09T16:59:41.555+00:00,
87,ddb1d734-0ac3-4439-908a-9d2c4e3fbce3,2026-04-10T20:52:24.346+00:00,
88,64b7030d-e943-4903-803c-23f5b49bcab6,2026-04-13T12:51:35.36+00:00,
89,9dcee99c-3e8c-40a3-8050-dd79a3dee90e,2026-04-20T21:13:06.083+00:00,
90,58364b97-f6a2-4996-8ec1-491c678f823e,2026-04-22T18:49:19.006+00:00,
91,beb8ffca-0b9d-4fed-b389-60108b2d0a14,2026-04-27T14:31:20.661+00:00,
92,8abb4692-ca95-48c8-b346-a82e07ac7b3c,2026-04-29T13:58:47.675+00:00,
93,98816c05-a0de-4880-a12a-241b0f4f8b3d,2026-05-04T12:30:40.553+00:00,
94,422be70d-d192-4117-b523-16d2ec91b16b,2026-05-07T11:23:37.547+00:00,
95,833c6e46-200b-48f2-98fa-452f69a17020,2026-05-19T21:03:15.863+00:00,
96,3d42ab3a-8660-41df-8b89-895a9d83cc69,2026-06-18T16:44:03.121+00:00,